TweetId,Label
306486520121012224,Politics
286353402605228032,Politics
289531046037438464,Sports
306451661403062273,Sports
297941800658812928,Politics
305722428531802112,Politics
304713516256997377,Politics
234999630725783553,Sports
303712268372283392,Politics
304215754130194432,Politics
305498714527633408,Sports
302482560242565120,Politics
305496375985070080,Sports
305562747888865280,Sports
302124227975335937,Sports
279308630564679680,Sports
294826406272188416,Sports
304688274469969920,Politics
234244701153288192,Politics
274267981998075904,Sports
305715656295329793,Politics
306154104613396480,Politics
304684623068282880,Sports
304825577578307584,Sports
302308069910667264,Sports
301525859486035970,Sports
306492903415492608,Sports
234787015915339777,Politics
293739405968023553,Sports
303812743222398976,Sports
306628625795543042,Politics
297898518444658688,Sports
269322578181619712,Sports
296258883800936448,Politics
297967865334726658,Sports
304261877335224321,Politics
305935970614792193,Sports
281859108540407808,Sports
297992477766479872,Politics
304762492746334208,Sports
302518289752526848,Sports
297356896988442624,Politics
306786449641062403,Sports
296054644059291649,Politics
298018378390573056,Politics
304287852110422016,Sports
303813683589545984,Sports
297872762859565056,Sports
299098941541216257,Politics
299073815995097089,Politics
306710960771563520,Politics
297995881272193024,Politics
301989754755497984,Politics
301511660340932611,Sports
306117439341617156,Sports
295833449548378112,Politics
299483084531826690,Politics
286791509607579648,Politics
301883536049328129,Sports
306423611399491584,Sports
302484077821452289,Sports
2456987634,Sports
297142602271166464,Politics
234321907103707136,Politics
302101035600711680,Politics
296333299884900352,Sports
306356958217265153,Politics
286986867734351872,Politics
306725746108416000,Politics
299313568401195008,Sports
303721069766914048,Politics
306058575611039744,Sports
281870482414907392,Sports
306664185285201920,Politics
302023149401288704,Politics
261823550757953536,Sports
298448073473028096,Sports
293811366765146113,Politics
305650667513602049,Sports
5636022334,Sports
297936170929750016,Politics
306457917924728832,Politics
305648272595357697,Politics
298148554910859264,Sports
305960362514198528,Politics
234286030549823488,Politics
304272457441878016,Sports
288829994334048256,Politics
304571954457894912,Politics
303928757251616768,Sports
303123067805237248,Sports
302001639408140288,Politics
282526471518556160,Sports
306436360464642049,Politics
274454818729381888,Sports
298011008507723776,Politics
280116322610855936,Sports
301915247088922627,Sports
298011891807178753,Politics
293374964306939905,Sports
303959923161694208,Sports
302040283124731904,Politics
301530751097266178,Sports
306752829903736832,Politics
299440328371494912,Politics
305263675319668737,Sports
301540542276304896,Sports
304296861446053888,Sports
305585618359037953,Sports
292392801201704961,Politics
305973537376722945,Politics
306045130421465088,Politics
304886474137026561,Politics
306251656415281153,Politics
301361527208951811,Sports
304604900145381376,Sports
293047543821123584,Politics
234629199401467904,Politics
298012635096555520,Politics
306370962209783808,Sports
304961522457792512,Sports
306282505546387457,Politics
15270732860,Politics
305778172895576066,Sports
234765556304207872,Politics
302716865279557632,Sports
270636273423773696,Sports
306774330363240448,Sports
287932915051028480,Politics
268896041326215169,Sports
305703050134298625,Politics
296892270110707712,Politics
302439050768441344,Politics
303174629760040960,Politics
293049029997240320,Sports
294979234814898176,Politics
306691208787415040,Politics
301370109895790592,Sports
306498172375670785,Sports
287010726193819648,Sports
301055038384644096,Politics
299058687404810240,Politics
299496547811459072,Politics
297949487656226816,Politics
297999449152684032,Politics
302126547098292224,Politics
298454745897648130,Politics
306467629634289664,Sports
306082952574537728,Politics
303914373670371329,Sports
255342203445063680,Politics
269610696239611907,Politics
306460940008820736,Politics
302033240804438016,Politics
296202592579633152,Politics
271523434884898816,Politics
271640349515079680,Sports
305982173884858368,Politics
301526788226547713,Sports
297968596561309697,Politics
305956694750547969,Sports
289819087650037760,Sports
294242760179990528,Politics
306351368258596864,Sports
306038725262053376,Politics
303341495166058496,Politics
305687999298015232,Sports
298949209745412096,Sports
295946844553494531,Politics
299425713587642369,Sports
306428082322022400,Politics
301706051613503488,Sports
304715284512641024,Politics
302033496505974784,Sports
301702692101816320,Politics
302210092642734080,Sports
299927809575489538,Politics
304738948972957696,Politics
303722826165268480,Sports
293387621319733248,Politics
306405262682644481,Sports
296451500836786177,Sports
306334308149370880,Sports
282442116125319168,Politics
256782122705096704,Sports
299419127825702913,Politics
299419769550032896,Politics
305516555654008833,Politics
292879185595228160,Politics
304814740276924416,Politics
294223564620570625,Sports
284506514922803200,Sports
295943896964419584,Sports
285646454289207296,Politics
306766537484795906,Politics
266404356990050306,Politics
304236261219135491,Politics
268225059120898050,Sports
299473897886195713,Politics
301928401076383745,Sports
299168145183227904,Sports
294945337876029440,Sports
294372071838990336,Sports
304920918621310977,Politics
305743412802502656,Politics
306717123143688192,Politics
298009961286479872,Politics
304270043691245568,Sports
306771518044635136,Politics
15837711261,Sports
302578537133662208,Politics
305714524856659970,Politics
27780529717,Sports
304666148585209857,Politics
301114318131445760,Sports
305520185295638528,Politics
270248999527804928,Sports
306773965685264384,Politics
303721253523570688,Politics
306239311429369856,Sports
303255107754135552,Sports
303537333175713792,Politics
5797338893,Politics
305314247150292992,Politics
272192876358803457,Politics
295912321757360128,Politics
306238983011188737,Politics
298802067349315584,Sports
306630054501302272,Sports
302170437708832768,Sports
275515727950262272,Politics
299403702471643137,Politics
2704448072,Politics
298181693150466048,Sports
294567795168006144,Sports
305983944225062915,Politics
293046530036887552,Politics
306694205722476544,Politics
260755067576147968,Sports
306831913258213376,Sports
305135279562428416,Politics
298001953433210880,Politics
305295788798537728,Politics
302529307773898753,Sports
304663783685632000,Politics
305543245360926720,Politics
306326219702562816,Sports
294458498702532608,Sports
295840781523107840,Sports
305024766220316672,Sports
281419841850703872,Sports
305960255219716096,Politics
297966562458083328,Politics
6357664866,Sports
261892080329183232,Politics
293470680090021888,Sports
306653297660555264,Politics
305275145784786944,Sports
304500946988322816,Politics
305371125733523457,Politics
301733045982097408,Politics
306586695762063362,Sports
305978271990968321,Politics
305306655535546370,Politics
304702145356234752,Politics
306123649172262913,Politics
306117197208645633,Sports
306505063298383872,Politics
304982441540591617,Politics
304781598656704513,Sports
299525618016591872,Sports
301009151545446401,Sports
5585042151,Sports
269299599196422145,Politics
304690498256396288,Politics
3172778133,Politics
297955019846733824,Politics
306301952592080897,Politics
300924039101308928,Politics
305993764319674369,Sports
265885174603059200,Sports
16139229933,Politics
304702687180623873,Politics
269033875966160896,Sports
268224985275973632,Sports
303710105654939648,Sports
300468286745878529,Sports
269547454783946752,Politics
13193126585,Sports
277200976996360192,Sports
306031976526249985,Sports
302051129221607424,Sports
298011983251386368,Politics
306490579561357312,Politics
234606633026723840,Politics
297949810634391552,Politics
19649221977,Politics
303366583332511744,Politics
27772224860,Politics
304656866363973632,Sports
306262890611109890,Politics
291172221551001602,Politics
296709749175627777,Sports
2403051021,Politics
234384681569746945,Sports
306347981613961217,Sports
294509955837460480,Sports
268225395273379840,Sports
304411456542212097,Politics
24797265700847616,Politics
303110528006488065,Sports
304255109167210496,Politics
297944388020088832,Politics
299911202191077377,Sports
303745303184551936,Politics
16333481040,Politics
306343737066409985,Sports
306779214076604416,Politics
289884823160504320,Sports
306793130362040322,Politics
306468174990286849,Politics
304653054412734464,Sports
296669749360865281,Sports
305688449615290368,Politics
306776713872936960,Politics
302736852685844481,Politics
305689996273283075,Politics
303927215324819456,Sports
284588783507210241,Politics
306130160179101696,Politics
306673103436656642,Politics
299336984567095296,Politics
300232903202320384,Politics
27772088527,Sports
276348198296092672,Sports
297958492411686913,Politics
302471991712165888,Politics
293762226718916608,Politics
306336630866862081,Sports
269387602631733249,Politics
305585157241466882,Politics
297074410786025472,Sports
306464144037662721,Politics
298450229756305408,Politics
305574370162655234,Politics
306656367282880512,Politics
306018173520592896,Politics
269371026901716992,Sports
298441280168529921,Politics
300990618665107458,Sports
273122003052007424,Politics
297971927727890432,Politics
296752704351510528,Sports
284075848410214401,Sports
305579598379364352,Politics
302558799057805312,Sports
234321564269699073,Politics
306689709831254016,Politics
301361425337692161,Politics
262614519229083648,Politics
296428908084080641,Politics
15912999052,Politics
303478675544870912,Politics
291554765542920192,Sports
299450409280479234,Sports
304939257963896832,Politics
306677308914282497,Politics
304004538183086081,Sports
304273187988975616,Sports
278223610592768000,Politics
298058845819908096,Sports
234823084849377281,Politics
299207017707491329,Sports
306792058574741504,Politics
305697156432527360,Politics
306144592070324224,Politics
14878811062,Sports
305692126820306944,Politics
305286848920563712,Politics
292402320862482432,Sports
304933215842467841,Politics
234723148203954176,Politics
299194441464426497,Politics
283264622855860224,Sports
305720094447779841,Sports
279314565395800064,Politics
305153325643485184,Sports
303230409003655171,Politics
298440921698140160,Politics
297963057466974209,Politics
304699243598340097,Politics
297799113712476160,Sports
265945288454307842,Sports
305283028744282113,Sports
297950803329683456,Politics
302600494994579458,Sports
306056078628634624,Politics
297948325653655552,Politics
234822523878002688,Politics
2395657472,Sports
304699014383812609,Sports
295192991159685120,Politics
304390095073579009,Politics
306034375282286592,Politics
289533140509286401,Sports
299195917293195265,Sports
306714837453504512,Sports
301735469065056256,Sports
305784313545383936,Politics
304260371072561155,Politics
293562409942122496,Sports
297640305279250432,Politics
297935585845329920,Politics
304286509299793920,Politics
293563218272604162,Sports
299319044195119104,Sports
301526406607806464,Sports
234741059048050688,Sports
271639314847391744,Politics
288398185959927808,Politics
276603155133894656,Sports
304702762636156930,Politics
306368633775484928,Politics
266098046792781824,Politics
298000293994565633,Politics
306497904401592321,Sports
290948996774637570,Sports
306086585768742913,Politics
297273416870920192,Politics
306759920018137088,Politics
304774596253609985,Sports
301526102684360705,Sports
305680537480220672,Politics
15672791259,Sports
296035774741241857,Sports
297239837390553088,Politics
304263633700016128,Sports
302736015599206400,Sports
299450017624776705,Sports
305780948501401600,Politics
234777313777156097,Politics
304635548625145856,Politics
304101240239955968,Politics
305729757889327104,Politics
304219130964361216,Politics
298241911121141762,Politics
306508740201443329,Politics
270325102946684929,Sports
301720709581918208,Politics
305716617684340736,Politics
245059996574953474,Politics
304261488389025793,Politics
305841168292388866,Sports
305312815248465920,Politics
305906682972762112,Sports
289465700492386305,Sports
306426892083396608,Sports
304796454088736768,Sports
302717838211293184,Sports
306280797076353025,Politics
305980878155304960,Sports
306398200330326016,Politics
264119164447367168,Sports
47022091588997120,Politics
306373210058944514,Sports
296759517365018624,Politics
2376891646,Sports
306778683547467776,Politics
306533498120990721,Politics
306752923361230848,Politics
304582044661469185,Sports
302608025406042112,Sports
2453350909,Politics
301717707764690944,Sports
298441241077612545,Politics
28763969850,Politics
296332239711637505,Sports
302461829052002304,Sports
303538059960520704,Sports
296829307853078529,Politics
306498218169081856,Sports
292712708493701120,Politics
304664196325449728,Politics
300478477503713280,Politics
279311300792827905,Politics
300295722304151553,Sports
293807814512615425,Sports
298003558249414656,Politics
302485412570607616,Sports
305960267706142721,Sports
289539560982065152,Sports
258965269702123520,Politics
301514248792719361,Politics
306534195537256449,Sports
306749355015172096,Sports
306024724520108032,Politics
293520788793999361,Politics
261896983244046336,Politics
277179901818318848,Sports
7383818022,Politics
5636529152,Sports
271165705183952896,Sports
306818037158379520,Politics
293364940042022914,Sports
306461473285214208,Politics
304619858073624576,Sports
306825393342644225,Sports
306349559787966465,Sports
306050475592134656,Politics
304693601286361088,Sports
306830003088285696,Sports
298868972785377280,Sports
234651305925296129,Politics
300624032909373440,Sports
296757705278902273,Sports
305336829253648385,Politics
305695074803675137,Politics
306362340851474434,Sports
296661442181079040,Politics
297165985004285952,Sports
305650062606864384,Sports
296445331229507585,Sports
296690171628367873,Sports
297991062104977408,Politics
305878393327591424,Sports
303718322632003585,Sports
303956901589291009,Sports
294506257874837504,Sports
302157848887042048,Sports
305707030478458880,Politics
299014704821575680,Politics
306079871296237568,Politics
234245916368982017,Sports
297957541072236544,Politics
302544444689903616,Sports
306468087048310785,Sports
306283522929348608,Politics
303935346977157121,Sports
306763438535897088,Politics
271790117616775168,Politics
302365781260378112,Politics
299065960114032641,Politics
305337520139431936,Sports
305894336804052992,Sports
265985858971267072,Politics
301526356813025280,Sports
2612597240,Politics
295986741528129537,Politics
306713216069795840,Politics
301823549923008512,Sports
302463616064557057,Sports
27902483361,Sports
298547155847761920,Sports
304667252387635200,Politics
306457705856503809,Sports
277773793013952512,Politics
304955907631099905,Sports
301772806004281345,Politics
301634381112569857,Politics
306327882777628673,Sports
296418415546085377,Sports
267836822275624960,Politics
306381842624434177,Sports
306116443873890304,Politics
234347757513625602,Politics
271206674348507136,Politics
305681315838164995,Politics
306247788080009216,Politics
304629705217290241,Politics
305782406152073216,Sports
234752520034074625,Politics
305676743329599488,Politics
273300025638006785,Politics
302321630863056896,Sports
306131972177158146,Politics
277195644341452800,Politics
303503372307279873,Sports
304332900986388480,Politics
305705727731851264,Sports
303268658522775552,Politics
234745788608172033,Politics
2817576647,Politics
304681733670989824,Politics
302052626705559552,Sports
304716057325760513,Politics
301737740368752641,Sports
256781452639879168,Politics
306006289425760256,Politics
269603509303902208,Sports
299620662027382784,Politics
306046984610009088,Politics
304532966523166720,Politics
27780456012,Politics
304699402109456384,Politics
276223191041597440,Politics
245194394804813824,Politics
306667668923105280,Sports
304630330025996288,Politics
302280768351252480,Politics
304265450873835521,Sports
290982494474489856,Politics
278223313665404929,Politics
306402112512864258,Politics
304512131456458752,Politics
296745094617387008,Sports
234318766475972611,Politics
301477337726349312,Sports
277876159671312384,Sports
299437432137453569,Politics
288085983319171072,Sports
302744489578082306,Politics
294483339052736512,Sports
5706319759,Politics
304868919443857411,Sports
297605686848786432,Politics
306068162993065984,Politics
296258367188516865,Sports
304694422489145344,Sports
301526609536634880,Sports
306170495148126210,Politics
296922978858438656,Politics
290932559758630912,Sports
306718946936102913,Politics
306820060507430913,Politics
297964430128451584,Politics
297660609531629568,Sports
280812321947938816,Sports
274643483170594818,Politics
301366503062773760,Sports
306499815158718464,Politics
301279827669950464,Politics
301914202828836866,Sports
304272240625713153,Sports
296329823561854976,Sports
303904034287386624,Politics
298929657674338306,Sports
303513544937308160,Sports
305691354451808258,Politics
303720988682625024,Sports
304814992702705664,Sports
306371899364085761,Sports
5291661217,Politics
306085478837407744,Politics
297376038021906433,Politics
305348420879667200,Sports
302804604456951809,Sports
303917213860122624,Politics
2453178724,Politics
298302707721195521,Politics
305371833635569665,Politics
306470602141741057,Politics
297320358950862848,Politics
298451015907282945,Politics
306215832902569984,Sports
302180445452369920,Sports
306666098298867712,Sports
302517631141953536,Sports
305353511800016896,Politics
302001478015537152,Politics
268050980233420800,Sports
17358989923,Sports
304113696668528640,Politics
304513006388252672,Politics
297998474316750848,Politics
284707935387529216,Politics
306369386019688449,Politics
306058000668426240,Politics
19649778464,Politics
305662683896750080,Politics
305445672176476161,Politics
302353073924349952,Politics
302600129062514689,Sports
297992292499853312,Politics
293905917798408192,Sports
295974604659372034,Sports
269365478969978880,Sports
304715776391274497,Politics
13219952753,Politics
306303257196761088,Politics
306506773651656705,Politics
306706777792184321,Sports
301059363127304192,Sports
299669661363089408,Sports
262202233851097089,Sports
27780028160,Sports
300995219946627073,Sports
297606259450974208,Politics
303537791365705728,Sports
301041173865320448,Sports
306086362828910594,Politics
300924713503453184,Politics
306158854582980608,Politics
301527266008129536,Sports
298000938180935682,Sports
274243785897156608,Politics
234765809086496768,Sports
303860630232920064,Politics
303792020558852096,Politics
306357007693258753,Politics
305835767303909377,Sports
296006120928079872,Sports
15798501156,Politics
281752040143724545,Sports
299896065187012608,Sports
306739337435947009,Politics
298722817044803584,Sports
305978501620699136,Sports
304271431125041153,Politics
276441727252983808,Sports
301808411325108224,Sports
293770027843330048,Sports
260773506441179136,Sports
306287942949818368,Politics
306068072958136322,Sports
268225418098774016,Sports
304105306202468352,Sports
296163322087231489,Sports
299014510843412481,Sports
235107019244306432,Politics
234618688660185088,Politics
305334923580026881,Sports
306474341674139649,Politics
234820924627628033,Politics
306413630071635968,Sports
298580313725075458,Politics
303127017057026049,Sports
293440967795679234,Politics
306537980389122048,Sports
262948036865576960,Politics
306452793085009920,Sports
275330754286862336,Sports
299420209113071616,Politics
234774790848782336,Politics
297963411155853312,Politics
306827339453575168,Sports
305706251063537664,Sports
301727509865709569,Politics
291020499226607616,Sports
284324570578710528,Sports
279619889768046592,Sports
305069872063340544,Sports
293380056259100675,Sports
306823328398704642,Sports
303228474456416257,Sports
289815320217149440,Sports
305494260738846721,Sports
286272818558140417,Politics
15822815955,Sports
305769213660917760,Politics
305101215925153792,Sports
282024010810789888,Sports
297996113468854273,Politics
302461848232542208,Sports
306690154062565376,Politics
305676026900529152,Politics
293842210238119937,Sports
276972768531206144,Politics
306468031742226432,Politics
301655978368196608,Politics
302770438919032832,Politics
304253200779853825,Sports
304608497482469376,Sports
267040474072768512,Politics
304716433055698944,Politics
305956813726154752,Politics
306331197284438016,Sports
269626523756150784,Sports
292070943872937984,Sports
305824457111515136,Sports
306487599621623808,Politics
306802142742724609,Sports
291878582748332033,Politics
297972870796161024,Politics
305539800570662913,Politics
306409273632641025,Sports
306710150532702208,Politics
305681263669428226,Politics
284203246669668353,Politics
298720811467026432,Politics
301593516075778048,Politics
271523842118283264,Politics
305534630612856832,Politics
303514065538539520,Politics
14448427760,Sports
306328371338543105,Politics
297997564282826752,Politics
269176677073051649,Sports
269605857124302849,Politics
266450718477664257,Politics
294356601278713856,Sports
303814005179432960,Sports
306046391829020672,Politics
5729826313,Sports
301494933968269312,Sports
305989473144033280,Politics
304558312043737088,Sports
306621771858182145,Sports
301272315788939265,Politics
305288636088324097,Sports
304617333912125440,Sports
304592298048626688,Sports
304878131569905666,Politics
298440762096500737,Politics
305963030481604609,Politics
306050651706777600,Sports
293425351881785344,Sports
305708024645967872,Politics
266098245917364225,Sports
297946305639100417,Politics
299011927974236160,Politics
303956022991679488,Sports
5776710563,Politics
306789040072564736,Politics
306459471524274178,Politics
301720851764625408,Sports
300924477246689280,Politics
269328809759735808,Politics
301157289526702081,Sports
293378627905662976,Sports
306378921996349440,Politics
19817668013,Sports
304691059223560193,Politics
2341776479,Politics
305981187158056960,Politics
302045388146348032,Sports
300600741440131072,Politics
298441090590191617,Politics
305316253407514624,Sports
286086289869135872,Politics
305541813840785408,Politics
293960917530587137,Sports
301427477862039553,Sports
304537543435767808,Politics
306335770443120640,Politics
306501409757593600,Politics
306168447363067905,Politics
305625569469538304,Politics
234724881412001792,Politics
282023382793457664,Politics
306721635510136832,Politics
286757550886625280,Sports
2341727159,Politics
304514365908992000,Sports
299449872313090048,Sports
299368715647066112,Politics
306833722072788992,Sports
302119858982764545,Sports
304783214139031552,Sports
294542745421377536,Sports
279010345182441472,Sports
278286375781027842,Sports
299591845695062017,Politics
293734937809522689,Politics
303048911755571201,Sports
306804950506283008,Politics
287567098828427264,Sports
257959615193546752,Sports
297745493239418883,Politics
305984596187697153,Politics
306720762604183555,Politics
306328074348277760,Politics
234255822966890496,Politics
306829123194597376,Politics
291339643348189186,Politics
297942923822104578,Sports
305678318370426880,Politics
305971415960649729,Politics
306315797029064704,Politics
302103675571150848,Sports
304113441860354048,Sports
13220324725,Politics
305899686793990144,Politics
305585832675393536,Sports
304598845797564417,Sports
301530106441113601,Sports
301906164147449858,Sports
300535191888338945,Politics
302500440518557696,Sports
304259957514194945,Politics
278753405063815168,Sports
306112275318710273,Sports
306688651679645696,Politics
304509777344598016,Politics
300600535441108992,Sports
306825264514609152,Politics
298596404140584960,Sports
305553448567447553,Sports
255697574151983105,Politics
304803741859737601,Politics
306504468973907969,Politics
251331831411130368,Politics
299382556506349568,Sports
306477266429431808,Politics
273969831437533184,Sports
275767827154227200,Sports
301499515104546816,Sports
293373673748955136,Politics
306469497831825410,Sports
266032796873682946,Sports
242622979140382720,Politics
302427864626774016,Sports
305322327753777153,Politics
301902525248970752,Sports
304668002903789569,Politics
306368062620327936,Politics
298716779256086529,Politics
261148794412990464,Politics
296260208265662465,Politics
285805310961143809,Politics
305500834869952512,Sports
304668628358422528,Sports
298248713804058625,Politics
269629591612686336,Politics
280115180015341568,Politics
285576769208209409,Sports
294143027813957634,Politics
298228692746907648,Sports
298078255989268480,Politics
297934373930557440,Politics
306338192246861825,Sports
14334578730,Politics
305588420384792576,Politics
305352426372870144,Sports
297942377618882561,Politics
297602927969857537,Politics
302735996431237120,Sports
282031369180295168,Politics
299771782418800641,Politics
281750877310701568,Politics
306596916840513536,Politics
270229645616623616,Politics
297940280638832640,Politics
306800415629004800,Politics
305995722753458177,Politics
302035314816458752,Politics
304601126135791616,Sports
305878265233555456,Sports
298901495519260673,Sports
306058110441779201,Sports
269474992058691586,Politics
295975720100958208,Politics
299456232480194560,Politics
297722246292729856,Politics
267961203307970561,Politics
298011438558113792,Politics
299215777234554880,Sports
302551582212509697,Sports
305687142758248448,Politics
306144011339591680,Politics
298916549933277184,Sports
306459422048280576,Politics
305694084885004290,Politics
302033072247951360,Politics
287739452074389504,Politics
304303752322621440,Sports
305153508980703233,Sports
302029942697373696,Sports
304045235724509184,Sports
296571450918334464,Politics
296297413214343168,Sports
305923581181820928,Sports
306479197679935488,Politics
266005722930761729,Sports
304255009074323458,Politics
306393813444861952,Politics
306526751373283329,Politics
298011585589424128,Sports
304710461247598594,Politics
304711308731875328,Politics
2544774550,Politics
304517672811499520,Politics
296660947374837760,Sports
306024981438025729,Politics
298854848709931008,Sports
301737312981745664,Politics
299513791664754688,Politics
296764220765270016,Sports
306228913934327808,Sports
305879883266019328,Politics
306070448460931074,Politics
302526837777633281,Sports
301748672952143872,Sports
296456214286581760,Politics
262910384904749056,Sports
297017722569629696,Sports
301441203654754304,Sports
282024107195912192,Politics
302093551959945217,Sports
5717722013,Sports
299240366010413056,Politics
234770926699417600,Politics
297967730005512192,Politics
269656720555507713,Sports
293780670025699328,Sports
296576444618907650,Politics
304525875225976833,Sports
297297183298973696,Politics
305288304713142272,Politics
234785328311980032,Sports
298954204486180865,Politics
279312426086830080,Politics
292720251840376832,Sports
306129882008653825,Sports
306498065232183296,Sports
306781731271372801,Politics
306302076667961344,Sports
271064294853054464,Politics
301527288326021120,Sports
296383585718513666,Sports
298525182165934080,Politics
296359305387589632,Sports
297947967929847808,Politics
304690372825726976,Politics
300738810399047682,Sports
282563672423952384,Sports
5673817989,Politics
304275061924302849,Sports
273558740588961792,Sports
306295702391255040,Politics
303904114155339776,Sports
297998741015760896,Sports
300923925418872832,Politics
303124635959042049,Politics
305660639496515584,Politics
304641654948769792,Sports
306237291674861568,Politics
306044497601650689,Sports
297964022899302400,Politics
306046608766812160,Politics
306343040874864641,Politics
304303190713716737,Sports
234256459586732032,Politics
257867343940698112,Sports
306801164794601472,Sports
298012560958054403,Politics
5592245888,Politics
305752166549819394,Politics
300600331786661888,Politics
268206218701594625,Sports
304255967699275776,Politics
282022204802232320,Sports
305337793201180672,Politics
266179261591855104,Sports
306783964167827456,Politics
299075508560330753,Politics
305025076019990528,Sports
305345615729156097,Politics
306452723690250242,Politics
303313586854445056,Sports
2589821780,Politics
304266087564984320,Sports
299533669452877824,Sports
270064000136536064,Politics
305993981567827968,Sports
234823604695605249,Politics
304077586567421952,Sports
306668324484415488,Sports
296199528535687168,Politics
306733130948149248,Politics
306615343412047872,Politics
303465964551417856,Sports
306237288432664576,Politics
282023094384746496,Politics
306399336533749762,Politics
297945092868689920,Politics
298390635738697728,Politics
297373587390730241,Sports
299564898340450304,Sports
298052747981357057,Politics
298115257690374144,Sports
306441431667580929,Politics
268457535722369024,Politics
306769856173338624,Sports
295987433642786816,Politics
306592242259353601,Politics
304275137652457472,Sports
306499488002998272,Politics
304779563441979392,Politics
306678238728556545,Politics
270204196702273536,Politics
306502306193604608,Politics
306039754661695489,Politics
301326318342119424,Sports
296637512917598208,Sports
303860895296139264,Politics
306325865095127040,Politics
306426279077486592,Sports
304990490187677696,Sports
298010581561131010,Politics
296278345853833216,Politics
296300445670993922,Sports
304358984884838400,Politics
234767580588564480,Politics
305957211878875136,Politics
305341282656608256,Politics
298002784199004160,Politics
305328461600407552,Politics
305726167443443712,Politics
306049723935125504,Sports
306407775326588928,Politics
306294139803295746,Politics
304065948749541377,Politics
306488822647095296,Politics
298010423108718592,Politics
306218654167625729,Sports
273954486739931136,Sports
5826336961,Politics
234253632680378369,Politics
286924245924208644,Sports
306767770194935808,Sports
301099560762224640,Sports
294544436770267136,Politics
306782969211789312,Politics
296258938763091968,Politics
303903870000717824,Politics
297965675731894273,Sports
297666091856035840,Politics
305024117558616065,Politics
291739427846373377,Sports
278310707710279680,Sports
304705293781188608,Politics
297920806531506176,Politics
299725771470143489,Politics
304268805482352641,Sports
306315737767763968,Politics
299420183439757312,Politics
3325821316,Politics
306451167511187456,Sports
236509105517391872,Politics
305363015828656129,Politics
306256363837870080,Politics
297955353067401217,Politics
5465301133,Sports
306252446278242304,Politics
289091138558783488,Sports
299199618338656256,Politics
306619785779765248,Politics
306797838476640256,Politics
270683172243640320,Sports
306467680951619584,Politics
10455737469,Sports
269296906209984512,Politics
306334079996002305,Politics
303939573518573568,Politics
27115507686,Politics
304057474623881217,Politics
306776569001701376,Politics
300036449498189825,Sports
303510887120117762,Politics
3172794977,Politics
306515239808139266,Politics
306286602118893569,Sports
304533803970461696,Sports
302359804519800832,Sports
306437270158864384,Sports
304270812473618432,Sports
288448293187485696,Politics
305103039541420032,Sports
302453173371691008,Sports
243781193051545600,Politics
303350171033554944,Politics
286529992848969728,Sports
305573066082230273,Politics
305484771126018048,Politics
306101451808186368,Politics
302470313336242176,Sports
2344669277,Sports
294476612307648512,Sports
285649629268287489,Politics
306730904229920768,Sports
280527449710809088,Sports
305702147658489856,Politics
305035891297099776,Politics
304234351523151873,Sports
240110864085168129,Sports
2387867360,Politics
305679563596374018,Politics
292019857606717441,Sports
306477391172235264,Politics
268225446582288385,Sports
296080243972767745,Politics
304625077582974978,Sports
301735793456717824,Sports
305801775670239232,Sports
234389130602246144,Politics
306346491981742080,Sports
297954130859786240,Politics
303409950502305792,Sports
298010763174477824,Politics
305039080478081024,Sports
300862443008176128,Sports
306462140695474178,Sports
274304778123739136,Politics
303855491640078336,Sports
269657517984993281,Sports
306159080492380160,Sports
273957012004560896,Sports
305680943627264000,Politics
305682352925982720,Politics
301734256097492992,Sports
306584370116972545,Politics
293384888374145025,Sports
299918120158625792,Politics
291734551703736320,Sports
275850765120188416,Sports
306116388731375617,Politics
304761947067400193,Sports
302732967715946496,Sports
306354136956424194,Politics
234280133274529792,Politics
301526586367299584,Sports
305357693479170048,Politics
5838030728,Politics
269633719072067585,Sports
301001102629933057,Sports
299577239769591808,Sports
306013299257004034,Politics
2334568415,Politics
305800339389550592,Politics
300308472925392896,Politics
305311853196763136,Politics
306813094041108480,Politics
11364824283,Sports
306263024619094016,Politics
293829947028537344,Sports
268913791029370882,Politics
306671310229082112,Sports
296667926692503552,Sports
302725018473877504,Sports
305699639754108928,Politics
264339166719000576,Sports
234581252383051777,Politics
305877947871547392,Politics
234760262887018496,Sports
303853087699910656,Sports
285831441282109441,Politics
306268172032552960,Sports
306597232101167104,Sports
304253771595280384,Politics
27772641160,Politics
296793699881463808,Sports
305327570042384384,Politics
303921958087704576,Politics
289744117649514497,Sports
301732631454814208,Sports
301524640789041152,Sports
304305477372743680,Politics
306470036967673857,Politics
289742296843427841,Sports
234821778810232832,Politics
306514221863149569,Politics
287315184169656320,Sports
7383876851,Politics
306061890327568384,Politics
300043896069685248,Sports
305725487160889345,Politics
297356928340856832,Politics
299381980582252546,Politics
297997954315333632,Politics
298009640111857664,Politics
10037967998,Politics
255696894536331264,Politics
306051458766348290,Politics
257956995422887938,Politics
304499859740848128,Sports
301610990645153794,Politics
306353016758472705,Politics
15271369916,Politics
306346543378726913,Politics
296289669879054336,Sports
299286068400898048,Sports
5718002800,Politics
299700471919161345,Sports
306046360933765120,Politics
2360143274,Sports
304179643894861825,Politics
299364239112556545,Politics
306830047581466624,Politics
304690018964893696,Politics
305629371530616832,Politics
298440647952703489,Politics
295851740023123968,Politics
297994110525136899,Politics
276392750918803456,Sports
305321211007737856,Politics
305376121313181696,Politics
269646220723638272,Politics
306415722656059395,Sports
298721893530345472,Politics
305787186106732545,Politics
304276940418850816,Politics
306046494019047424,Politics
306745571924905985,Politics
293118268909187073,Politics
303500427780050946,Sports
16074130189,Sports
259315074500550656,Politics
306697158785105920,Politics
297006376738238464,Sports
306744352707842048,Politics
306526240301531136,Sports
300968337041666049,Politics
305682405044412416,Politics
234787367532257281,Politics
302126762161238016,Sports
306763600859648000,Politics
304623110009802754,Sports
300446797850091521,Sports
302273894943969280,Sports
296433012898426880,Sports
303855005184692224,Sports
297968038735646721,Politics
303904294518796288,Sports
306512881296486401,Politics
298013008288968704,Politics
286574963215958018,Sports
305981150105571328,Sports
304698315814084608,Politics
302098755765809153,Sports
302565377047658496,Politics
304625411978047488,Politics
301731675308716032,Sports
293459243800068096,Sports
305765419082461184,Sports
302124706562195456,Sports
299175660725882881,Politics
298494977971986432,Sports
302705362811895808,Politics
305699562989948928,Politics
301371804935655424,Sports
299531220860145664,Politics
296767258552844289,Sports
303235964736794625,Politics
306487414883495936,Politics
284291777186373632,Politics
305828211378499586,Sports
306668023819927552,Sports
299207272704385024,Sports
306770165977202688,Sports
299343026977898496,Sports
306805626883948544,Sports
304028530000412673,Sports
235119471981899776,Sports
305560982116237315,Politics
302138854981386240,Sports
11610377054,Sports
299579820180905984,Sports
305746576708624388,Politics
276354307597668352,Sports
297996597449596928,Politics
303853134764208128,Sports
303811429541240832,Sports
306439019242348544,Politics
304270478682509312,Sports
301458260853157889,Politics
306267471667662849,Politics
298115632292048896,Politics
305699043865153537,Sports
304684095366107136,Politics
302096569530978304,Politics
299258859925684224,Politics
297951141520613376,Sports
293379098359783425,Sports
13219843403,Politics
306044273659371520,Politics
300782564082339840,Politics
26332844521,Politics
305477192840798208,Politics
297355118788108288,Politics
276876663197929472,Sports
306043088764289025,Sports
305663908109234177,Politics
289811885359001600,Sports
292308569989193728,Sports
306097353163673601,Politics
300457155117584385,Sports
259025972161028097,Politics
305688574857187329,Politics
294598838013014017,Sports
295253604347039744,Politics
291596552126996480,Sports
297947022244315136,Politics
297883014271221760,Sports
303710068229152768,Sports
306791822649327617,Sports
298002327464452096,Politics
306485649664512001,Sports
274088493955809281,Sports
306336586994429952,Politics
294855439433224192,Sports
306374594674188288,Politics
299179090693476354,Politics
306230758559850499,Sports
298441479305699328,Politics
281775741799120896,Sports
301856195088621568,Politics
297961896689156097,Politics
299419741125214208,Sports
284777554475356161,Sports
306132385223811072,Politics
264136179564302336,Sports
305328887007703041,Politics
297961630812229632,Politics
299026669967122432,Politics
306456094300073984,Politics
239005442272030721,Sports
27115650176,Politics
301737231402557440,Politics
301294109140844547,Politics
2605604139,Politics
2423227459,Politics
301255331332386818,Politics
303193271201562624,Politics
306769943976882176,Sports
263972911491215360,Sports
5826063662,Politics
299450254523265024,Politics
300956320469770240,Politics
282022723092348929,Politics
265982107791282176,Sports
306729105397788672,Politics
303129085805211648,Sports
305715518764113920,Politics
305754110156742656,Politics
303877989899309056,Politics
304043572787830784,Politics
279762798660177920,Sports
301266676933079040,Politics
305696949976330240,Politics
297972594693529600,Politics
297668729154727937,Politics
306417026715508739,Sports
304265944899928065,Politics
5591365189,Sports
302989250805243906,Sports
304683931314298881,Politics
300981885507616768,Sports
298908982809083905,Sports
292636898470535169,Sports
276064036968333312,Politics
296799391845597184,Sports
305381172408643585,Politics
300981842876715008,Sports
301701283587428352,Politics
306659235259895808,Politics
306373062130024450,Politics
299203902941835265,Politics
304686277477933056,Politics
304788953024827392,Sports
276848419388153856,Politics
297114973358940161,Politics
269799311032868864,Sports
293447807333978112,Politics
302526593572667392,Sports
297666063867469824,Politics
306146564596973568,Politics
270075788534112256,Politics
306459332285980674,Sports
27774717768,Politics
298075757278797824,Sports
304290434941845504,Sports
306018699553419264,Sports
240903588015124480,Politics
297066542158446592,Sports
300471567891177472,Sports
304693962025865219,Politics
291654029090619392,Politics
305325999984345088,Politics
304272128415518720,Politics
306782862261235713,Sports
277932578491731968,Sports
304688020207071232,Politics
306449971056615424,Politics
14448262437,Sports
304712196108189696,Politics
306531355225890817,Sports
306744530655383552,Politics
306273427034087426,Politics
306403916319444993,Politics
303721109747032064,Politics
303820424855306240,Sports
306138499214618624,Politics
306478575945646080,Politics
297998949686599680,Politics
305978122610806784,Sports
306128683444359168,Politics
301777779970695169,Sports
299802833648230402,Politics
298720640196833280,Politics
305311530826743808,Politics
306431379057569793,Sports
306074010331013121,Politics
301526372793323520,Sports
298935420010524672,Sports
299449936255262721,Politics
302189889464700929,Sports
5652454566,Politics
5605816389,Sports
302486734908829696,Sports
301623859642249216,Sports
306770636913651712,Politics
295938197844795392,Politics
301933870989864961,Sports
305691548249624576,Politics
300309622533783552,Politics
306017345078444033,Politics
299544644780453888,Sports
304855027145658368,Sports
257867610329329664,Politics
298240037621997568,Politics
306455477389250560,Sports
234286233717723136,Politics
297432639332290560,Sports
288795590559662080,Sports
274178467455717376,Sports
302041218420994048,Politics
303853942926897152,Politics
279292572294324224,Politics
266668625358901248,Sports
15672880410,Politics
301000059368120320,Sports
300924272245878786,Politics
306624807888367616,Politics
304067908756185088,Politics
305598766881337344,Sports
306416681339723777,Politics
306325632520974338,Sports
296908747245223936,Sports
301458731026223105,Sports
305986015447887872,Politics
2816569486,Politics
2320824247,Politics
270351228406472705,Sports
234388556230053889,Politics
293563058897424386,Sports
302483289548128256,Sports
302229148997394434,Sports
5674412035,Sports
299192440907247616,Politics
306566493691334656,Sports
301247824866209793,Sports
306207366121144320,Politics
304878689269731328,Politics
305574025483128835,Sports
295271215256444928,Sports
306320199215357952,Politics
298941684325171200,Sports
304682324652589056,Sports
300924172350128129,Politics
299463550534033409,Politics
305966981784408064,Politics
306238033613713408,Politics
257875991798640640,Politics
297356811705667584,Politics
263972080041750529,Politics
241290364470841344,Politics
305497162467405824,Sports
301526730198355968,Sports
305587895656402944,Politics
234310699604643840,Politics
5368882168,Sports
305607581488001024,Politics
296917124293726208,Politics
306074086814126080,Politics
269627384481865728,Sports
279058259330097153,Sports
306351732923961344,Politics
305935097905958912,Sports
293391720236847106,Sports
290935134868365313,Sports
293790180832333824,Sports
282267856077484032,Politics
280579688529797122,Sports
300924896500912128,Politics
234288391506755584,Politics
304875839936421888,Sports
304710756228820992,Politics
306334310762430466,Politics
267519900321460224,Politics
297944031655247873,Politics
295840282241548288,Politics
305689307472089088,Politics
305368890303709184,Politics
302099814080991234,Politics
300923978254524417,Sports
299258847837700096,Sports
301676735425048576,Sports
306080466870607872,Politics
286529862062182400,Politics
305898934855954433,Sports
306722378736615424,Sports
291726818371846144,Sports
305675142024024065,Politics
297948913372110848,Politics
299071276708929536,Politics
299420027780734976,Sports
248778514130690048,Politics
27114916785,Politics
305663843118481408,Sports
27779863149,Politics
302224481932423168,Sports
291293915636707329,Sports
5673724359,Politics
297719629944590336,Politics
304275837593718784,Sports
301731872017354752,Sports
306046747514396672,Politics
302239957446168577,Politics
257957376211173376,Sports
295253972330094592,Politics
297952047624499200,Sports
2547502740,Politics
305267123431829504,Politics
304702450168918016,Politics
298011112111218688,Sports
304985889304629248,Sports
269997417515069441,Politics
234658949981405184,Politics
234281737625149443,Politics
306723431242674177,Politics
306223617866354688,Politics
298006571252854785,Politics
305932392823128064,Politics
268566843340513280,Sports
306769955196641280,Sports
298239684436443137,Sports
304687813583044608,Politics
302118687396200448,Sports
305120104625102848,Sports
297976590749540352,Politics
296260415074217986,Politics
305802309802278913,Politics
301730462076907520,Politics
306102580268900352,Sports
305682191269117953,Politics
298012847580000257,Sports
297685481657868288,Politics
234762655775195137,Politics
306353057577455617,Politics
303511170554400768,Sports
297243743638151169,Politics
297933503977369600,Politics
299449371525795841,Politics
278713310877200385,Politics
305998893534031872,Politics
304563929076621312,Sports
306187394426736642,Politics
305679525478555648,Politics
305910465475772416,Politics
301755339559301120,Sports
287304368380854272,Sports
302419185164763136,Politics
305366078337454080,Politics
297953264866037760,Politics
303873114461310976,Sports
270764914925260801,Sports
273565808112848896,Politics
234309170189443072,Politics
304516805903392769,Sports
304683266747793408,Politics
304798925473325056,Politics
305727251977220096,Politics
303844977627258880,Sports
295840101311868928,Politics
13220366645,Politics
299446693894696960,Politics
297357024260411392,Politics
304738225073815552,Sports
306044433432985600,Politics
305702285986627584,Politics
305499526943367170,Sports
292872952163233793,Sports
293051563348471811,Sports
306052712385105922,Politics
271192200648474626,Politics
296269067667517441,Sports
295978186750177280,Sports
306084822600777730,Sports
299460268545695745,Politics
295193019966160897,Politics
306431168302153729,Sports
270276249128140800,Sports
269380278013816832,Sports
306133355072724992,Politics
299089973343293440,Politics
306033251196227585,Politics
302466132022018048,Politics
13220027591,Sports
305716185528430592,Politics
297957931591270400,Politics
302701143434346496,Politics
234736603531198464,Politics
306423313691971584,Politics
302796539833749505,Sports
306752108835794944,Politics
303720639842353152,Politics
304517922192257024,Sports
294585097036918785,Sports
306234857237905408,Sports
296181119496380416,Politics
5682801123,Sports
305281245523357696,Sports
306256927892049920,Politics
299044663279644673,Politics
306405246391959553,Politics
305859184086372352,Sports
13220226916,Sports
306741684941778944,Politics
302462751886942208,Politics
298013430886064128,Politics
305696067939352576,Politics
276431041395294208,Sports
301526661885726720,Sports
306383303995453440,Politics
297945794248585216,Politics
298012342610968576,Politics
306372302998740992,Sports
297947495722545152,Politics
306223481190764544,Sports
301891292038828032,Sports
306342474262142976,Sports
305583405523935232,Politics
306674767375765504,Politics
285642525006508034,Politics
303134580234403840,Sports
302735705040363520,Sports
234590699226558465,Sports
302362330929455104,Politics
296447764932489216,Sports
297971233742520320,Politics
304776341973245952,Sports
306459510820700160,Politics
306498885302501376,Politics
306390067918802944,Politics
305303589193129984,Sports
305870259603243008,Politics
284086525145260033,Sports
2393708223,Politics
299437500257148928,Politics
302452261806821377,Sports
302111563140177920,Sports
303127480611524609,Sports
305733784626688000,Politics
302432297548922880,Sports
234751841387294722,Politics
302736877532897280,Politics
290714533683662848,Politics
299419803729399808,Politics
299171321345085440,Politics
290618921713815552,Sports
306101276276584448,Politics
298441174539190272,Politics
302500143020797952,Sports
270379702038966272,Politics
284380659932344321,Sports
305636956266696704,Politics
302316267010928640,Politics
274224863735078912,Sports
306498107741437952,Politics
281425524407037952,Sports
301643737837219840,Sports
295975953644023808,Politics
234784593528643584,Politics
293465560677748736,Sports
305995571716567040,Politics
298106025792397313,Sports
304272158035673088,Sports
270251104032419840,Sports
305699819127705600,Politics
302501818984960000,Politics
301638815855046657,Sports
304238823762718721,Sports
297251302759604224,Sports
297950195637944320,Sports
301718858019008514,Sports
242618929846038528,Politics
296758940916645888,Politics
296418848620572672,Politics
306481314645815296,Politics
306158491402375168,Politics
263997000373121028,Politics
297956427266400256,Sports
234323042849918977,Sports
296707305674776576,Politics
304596740533796864,Politics
278732480255754240,Sports
246611866829332481,Politics
304831112151199744,Sports
302185689301274625,Sports
272889956953894912,Politics
303195186782154752,Politics
299033726854250496,Politics
306160867014221824,Sports
305694153751293952,Politics
306707536864755713,Sports
271192669957541888,Politics
305882072185200640,Sports
234782752262737920,Politics
306006666774724608,Politics
295979429853814784,Politics
8044797677,Sports
305589966455574528,Sports
299571004206886913,Sports
234383532145913856,Politics
304875185809534976,Politics
264046658466230272,Sports
304607444993208320,Sports
265644505355669504,Sports
294978232611127296,Sports
297992913978281984,Politics
279290660358598657,Sports
269147466006421504,Sports
304020542166560768,Sports
262202233771413504,Sports
304619917406253056,Sports
301269531328913409,Politics
306341083103784961,Sports
14055036749,Sports
305651852379299842,Sports
296913423957118976,Politics
269298258935939072,Politics
305692705583947776,Politics
305699246756200448,Politics
305689594165334016,Politics
289785794502221825,Politics
301258149820772352,Politics
285953436699213824,Politics
306328404364513280,Sports
304100885003374593,Sports
306269898961723393,Sports
301526913921466368,Sports
296661411738828800,Sports
301913570898214912,Sports
306409444756041729,Politics
296698755082756096,Politics
285792266839281664,Sports
300518656880812032,Sports
2453238341,Sports
305301443886346242,Politics
273463966355836929,Sports
306057492868247553,Politics
293817521222594560,Sports
296198114828746752,Politics
248048765934653440,Sports
306543089139458048,Politics
305211638049546240,Politics
304275922561929217,Sports
298628026151870465,Sports
305663767189024768,Politics
297925860969836544,Politics
3325918786,Politics
297996718807584768,Politics
281394474154852352,Politics
304316228216975364,Politics
301524982805180416,Sports
299350941260468224,Sports
305317705769156609,Sports
234727216804687872,Sports
298013349831131136,Politics
303728065320742912,Sports
279667138602610688,Politics
306478781772726272,Sports
306495824496586752,Politics
305442753024761856,Politics
302170074498887680,Sports
297921251060641792,Sports
297952542451707904,Politics
277129563929210880,Politics
234725025268264961,Politics
298917790054744065,Sports
301760547907567617,Sports
305656611307937795,Sports
296439672694009856,Sports
298276447766863874,Politics
13192948019,Politics
304577350807461888,Politics
269653324322721792,Politics
295977166661906433,Sports
299530897823244288,Sports
306587831013343232,Sports
306156391796727809,Politics
302950853936033792,Politics
305559660423954433,Politics
304761884387708928,Sports
301269594558062592,Politics
297507795572498434,Politics
297416475298369537,Sports
306741048380649473,Politics
268224966879752192,Politics
301750044284043264,Politics
306371222575386625,Politics
299433229881057281,Politics
297966023661985793,Sports
305965472258617344,Politics
306370252047003648,Sports
303512998025256960,Sports
298879618050560001,Sports
305793484244283392,Sports
261150573003411457,Politics
305927970856521729,Politics
297298802656817152,Politics
297239336305426433,Politics
299220281069813761,Politics
264077956949876736,Politics
297356955079557120,Sports
9330274817,Politics
303721362290253824,Sports
302212709833916418,Sports
306516720582017026,Politics
263341768215494656,Sports
305090238861168641,Politics
276146519604854784,Politics
298011240033296384,Politics
306176752596701185,Sports
302774879919415296,Politics
304933302542938114,Politics
305678298699141120,Politics
306110768938622976,Politics
306495145648472064,Politics
299924432418390016,Sports
297952891845623809,Politics
301675141862141954,Politics
304695243352190976,Politics
305303469114421248,Politics
266414158587785216,Sports
278295646727991296,Sports
278902067270148096,Sports
245874429094162432,Politics
295938086720921600,Sports
306479482183770112,Politics
294542872361967616,Sports
298893863274307584,Sports
305733968127471617,Politics
305697108600700928,Politics
296254241876619265,Sports
306706384437776384,Sports
306362821518716928,Sports
275772371858763776,Politics
303996145871486976,Sports
303745227129245696,Politics
302410709483016192,Politics
276511307660918784,Politics
302208257454395393,Sports
302737816545284096,Sports
303892799231758337,Politics
305982041076408320,Politics
301754474962235392,Sports
306084984287019011,Sports
302747133109473280,Politics
293543473263566848,Sports
304958922345811968,Politics
234286364928118784,Politics
305971548265779200,Sports
306053110323884033,Politics
298115609739276289,Politics
268875858515750912,Sports
297956715222155265,Politics
306821358006960130,Politics
300950403028226048,Politics
306765990623055872,Sports
305392151762702336,Politics
306257886940643328,Politics
26319885991,Sports
281529871157559297,Politics
306506318255099904,Politics
304817603782791168,Sports
301177854853529602,Sports
304266601375608832,Sports
2817573427,Politics
305665704001146880,Sports
304260257717301249,Politics
234771618646343680,Politics
298928540513091585,Sports
286580776340959234,Sports
304267285491757057,Sports
304645250301952000,Sports
297320584931598336,Politics
305806279409037312,Politics
305322100506365952,Politics
297945962574393344,Politics
306619072337047552,Politics
306345051972313088,Politics
298010884628967424,Politics
296338280570572801,Politics
305618601526824960,Sports
234788732555902976,Politics
234649486142631936,Politics
234664237203587072,Politics
301733442691952640,Sports
290850249717714946,Politics
302149302506102784,Sports
273636538255015938,Politics
298245073756381185,Politics
265984230549495809,Sports
304527889515302912,Sports
299060237535678464,Politics
297996278133047296,Politics
301536922344497153,Sports
293834949600100352,Sports
306608324860858368,Politics
306497764366364672,Sports
305994589964234753,Politics
306801664608841728,Sports
16152523061,Sports
294867698943414272,Sports
300545576221675520,Sports
306536193095507968,Politics
2469561395,Politics
301264241606934528,Politics
297975257703264256,Politics
306477321228005377,Politics
270430919544950784,Politics
304274750333648897,Sports
299177322043555840,Politics
293402888271720449,Politics
293479585914433536,Politics
298441007643639809,Politics
301753921116962818,Politics
306081987452604417,Sports
306084269137199105,Politics
306701311691341824,Politics
268225359592443907,Politics
306673929815216128,Politics
276144750107701248,Sports
306390057764397056,Politics
10830979974,Politics
306508501562302464,Politics
301027338647371777,Politics
304097144011366401,Sports
306057869361561600,Politics
304271553519042561,Sports
275987620994093058,Politics
306705251560480768,Politics
269805848602226688,Sports
301731142296535040,Sports
303852940446298113,Politics
303884815558656000,Sports
304700565370306560,Politics
306346610068160512,Politics
303919127922368512,Politics
300546165550759936,Sports
306694659915268098,Sports
303230694711242753,Politics
299069115522506753,Politics
297357422413107200,Politics
270254980160708608,Politics
305266442000035840,Sports
305717667552174081,Politics
298974099861041152,Sports
266844792477077504,Sports
306497511504347136,Politics
303720042057588737,Sports
305554329966899200,Politics
301313058448502784,Sports
288337571652698112,Sports
304101224339341312,Politics
302310865942749185,Sports
306352772767444993,Politics
276410212196425729,Sports
303537248324972545,Sports
305677721562927104,Politics
306641578536103937,Politics
234291529013919745,Politics
306458452602019840,Politics
305739873065791488,Politics
297963855018070016,Sports
304097556118519809,Sports
305367382141042688,Politics
306680337466023936,Politics
303706525594177537,Politics
303992427906215936,Politics
305611431062167552,Politics
306071311405420544,Politics
2328535470,Politics
306133604252151808,Politics
306009692625317889,Politics
302725202238914561,Sports
300454961060388864,Politics
299206795904290817,Sports
299205036586713091,Sports
6187403717,Sports
305681361933578240,Sports
306067834109321217,Politics
306343982265409536,Politics
270419534169640960,Politics
303538206589214720,Politics
297959639897763840,Politics
296434669451370497,Sports
306481017550667777,Politics
13632122683,Politics
301998719811862528,Politics
279293277138726912,Sports
295840965543997440,Politics
293485710667808769,Sports
278663980581548032,Politics
304952983291047936,Sports
295975998598553600,Politics
299040606632677377,Sports
28841368718,Politics
296734780790292481,Politics
294921583292735489,Sports
306704028732104704,Politics
271189122255835136,Politics
305560896531492864,Sports
306047137475600386,Politics
306817265410650112,Politics
305697854918373376,Sports
301100939434131456,Sports
305073848494211074,Sports
265497166162825216,Politics
234387216477073410,Politics
305955854023286784,Sports
302075670777954307,Sports
301890540939644929,Sports
302828579446747137,Sports
305651344033845248,Sports
295913097443540993,Sports
265545718457065472,Politics
301435874661507073,Sports
306365626543390721,Politics
299480190785044480,Sports
281531611063918592,Sports
306823776522346496,Sports
276345629649809408,Sports
306802173134651393,Politics
302126684314951681,Politics
305980436444749825,Politics
304836687580770304,Politics
306501527118426112,Politics
301905305493721088,Sports
305072663334899712,Sports
303875434402152449,Sports
297665795473936384,Sports
2403498987,Politics
5830502202,Politics
285548591496437761,Sports
19720344673,Politics
305609855870304258,Politics
306234017949306880,Sports
300924532821221376,Politics
302452026615427072,Sports
306290767557709824,Politics
305068495173992449,Sports
302633044815265792,Politics
306689851057659904,Politics
293408747353690112,Sports
19649769310,Politics
305697296752975872,Politics
5680098814,Sports
276791056924803072,Politics
305353105606860801,Politics
298003000025292800,Politics
302047471876591616,Sports
298471721248366592,Politics
304694279014596609,Politics
306003917676871680,Politics
305921861118746624,Politics
296799248509435904,Sports
303193976570249217,Sports
287509538914070529,Politics
306437272125992961,Politics
296201934803701760,Sports
294839221993234432,Sports
296988848012013568,Sports
301729785820897281,Sports
301278460087779328,Politics
266317760584376320,Politics
301713230227701760,Politics
305614089319763968,Politics
298006552835678209,Politics
306499049345912833,Politics
297317496199999488,Politics
19411576892,Politics
298441376834658305,Politics
27780169910,Politics
297661112147652608,Politics
299419849933877248,Politics
297959560088522752,Politics
297947667068248064,Sports
304530012491624448,Politics
304236071808548864,Politics
303721322821849088,Politics
2403537233,Politics
304272626275205121,Sports
234390198283300864,Politics
306409300060938240,Politics
304627854954622977,Sports
300528169671340032,Politics
281237057131651072,Sports
269589884182884353,Politics
275397006195838976,Sports
284202892947234816,Sports
304270740017000448,Sports
306806461978271744,Politics
17359051240,Politics
306089280147705856,Politics
299306291074048000,Politics
265999249538445313,Sports
305468261934444544,Sports
306524849772302337,Sports
298012441202270208,Politics
305984169203347456,Politics
299727868756389888,Sports
299003500984152064,Politics
306094745845919744,Politics
301902872801574913,Politics
293417937207959552,Sports
268225180390813696,Politics
304254990476783617,Politics
303447298418044929,Politics
306256534109831169,Politics
296745094818713600,Politics
234376613758898176,Sports
305681777958195200,Politics
299173559329251328,Politics
5558263523,Politics
301405467551346688,Sports
305648387385077761,Sports
295615974411997184,Sports
296757785704681472,Politics
304708990217105408,Politics
297943768747892737,Sports
306530187590385665,Sports
306706294176354304,Politics
306158527808933889,Sports
296199831683211264,Politics
306367968768569344,Politics
2597266460,Politics
240887434089467906,Politics
306425488052727808,Politics
305848601689604096,Politics
306462051398737920,Sports
304713389110865920,Politics
305369193413476353,Politics
299148219626160129,Politics
302461979321307136,Sports
269326947761414144,Politics
299042324040777728,Politics
295906979828883456,Politics
303243073176100866,Politics
268509980771090432,Sports
298716666018267136,Sports
284198993490227200,Politics
305398438323957760,Politics
295979252392808448,Politics
301395404640104450,Sports
296669249378848769,Sports
306388882113564673,Politics
292700228182740992,Politics
306237880924254209,Politics
304979789318594560,Politics
303231263844757504,Politics
305684045780631553,Politics
301642848896425985,Sports
234292180238352384,Sports
297892715713163266,Politics
298010645402640387,Politics
306531632259678208,Sports
298441429783564288,Politics
306497885837615105,Politics
279744905398595584,Sports
293490679034834944,Sports
298596875139969024,Sports
273313720879427585,Sports
302729576948318208,Sports
302001765161791490,Politics
288747673635401728,Sports
27567779990,Sports
304706988145770497,Politics
301382381217140736,Politics
304254203902173184,Politics
304673344991657984,Politics
297948720878735360,Politics
304914971031121922,Politics
302461862346358785,Sports
302150376218570753,Politics
303920519303024641,Sports
304029340474146816,Sports
305153236413857792,Sports
306029089431617537,Politics
276961325618442240,Sports
276444937510330368,Sports
304996527867322368,Sports
282023314535350272,Politics
306462908160811008,Politics
303568989848735744,Politics
305981736070832128,Sports
305308790956376064,Sports
269589446234624001,Sports
268237975459082240,Sports
298012104127037442,Politics
302774633260802048,Politics
304266981828349954,Sports
299068833115803648,Politics
304273531309543424,Sports
301298458583769088,Politics
263973033973276672,Politics
306090574002405378,Politics
298954479942897664,Politics
305189883109056512,Sports
291279911585472513,Sports
306053091973799938,Sports
305555998461001728,Politics
302761679928848384,Politics
306329818931273728,Politics
306149549595062272,Sports
299181174885081090,Politics
306536730557820928,Politics
306242738985242624,Politics
299540517996355584,Politics
305692883414024192,Politics
275738722757120003,Politics
302061837963374592,Politics
305592987910537216,Politics
2402829597,Politics
303845118350331906,Politics
298440839426867201,Politics
4966172897,Politics
304272847763824641,Sports
302057873205239808,Sports
270764777243041792,Sports
296206141518671874,Politics
305649616207110144,Sports
294140076433215488,Sports
279695470052384768,Politics
297997161281490944,Sports
304613401638866945,Sports
268225121016221696,Politics
297965261213028352,Politics
304269393070784513,Sports
301933483318734848,Sports
304875962259087361,Sports
302363614575198208,Politics
301526553605595136,Sports
286147416544137217,Sports
275870083920842754,Politics
302418300963524608,Sports
301446851876507648,Sports
306634317881294849,Politics
304722119479152640,Politics
305199671054331904,Politics
306422478769623040,Sports
301526811949535232,Sports
306482505907830785,Politics
297955792622084096,Sports
299128236342902785,Politics
257866645899448320,Politics
299289191743885312,Politics
243022757674233856,Politics
301734124912267264,Sports
298366181180571648,Sports
302201433036578816,Politics
303241735591559170,Politics
296759289060655104,Politics
298271038083579905,Politics
300994567644258304,Politics
5673614493,Politics
304827783870291969,Sports
306356644055494656,Politics
27773891754,Politics
304289262197669888,Sports
295517542439596032,Politics
297949630421938177,Politics
298443524548984832,Sports
306470992845348866,Politics
276580204292493312,Politics
303126351223873537,Politics
303465157735088129,Sports
280731004556156929,Sports
296764354571952129,Politics
306420989267419136,Politics
278048973049192448,Sports
305500267779084288,Sports
305698222909825024,Politics
297356861768863745,Politics
286634347547746304,Sports
296776070185754624,Sports
306830025984983040,Sports
5614810954,Sports
305321909413883904,Politics
293441535847059456,Politics
298055694798692353,Politics
278804256478351360,Politics
305767353432559616,Politics
234765154582159360,Politics
303124483496083456,Sports
306043628667695104,Politics
13632251631,Sports
301566009591083008,Politics
306456668080848898,Politics
8998365660,Politics
298448266272575488,Politics
301525435521589249,Sports
306500167341842432,Politics
305257884785188864,Politics
306349388844904448,Sports
297962245219053568,Politics
306229701884653568,Politics
304667189800222720,Politics
273623047376867328,Politics
276037651130359808,Politics
301890903092633601,Sports
305887595777384448,Politics
294149628532752384,Sports
301034166261252096,Sports
305717723785199617,Politics
303032822569000960,Politics
271170523894005762,Politics
298722041316642816,Politics
294217468715626496,Politics
306011546197299200,Politics
302100912514678784,Sports
304245523429339136,Politics
296197569552465920,Politics
302484956964352001,Sports
303312834706698240,Sports
294514402084929536,Politics
304704989803200512,Politics
4082703186,Politics
306822668273999873,Politics
300924118486896640,Politics
298011746168356864,Politics
293518194113646592,Sports
305703209236852737,Sports
299628736045780992,Sports
304166755775946753,Politics
304862684111859712,Sports
300791989371277316,Politics
306280975887917056,Politics
306691065988136960,Politics
281878077750001665,Sports
234744649884000256,Politics
234600956858363904,Sports
279317479115857921,Sports
306486738371620864,Politics
304010920449933312,Sports
306225909520801792,Politics
241296350422134785,Politics
303242283136995328,Politics
304786132158255108,Politics
298000829124841472,Politics
306248537044307968,Politics
302274462043209729,Sports
300981823826194433,Politics
305687804669743104,Politics
305275287556456448,Sports
302106561067757568,Politics
272257836917075968,Sports
301730753602011136,Sports
282519122162622466,Politics
301527201826881537,Sports
291740716374302720,Sports
2546127783,Politics
302102612931665921,Sports
5682206457,Sports
299485415814070273,Politics
306349099442126848,Politics
306723980893630464,Politics
306339259013550080,Sports
302356015905652736,Politics
299924875198476289,Politics
292718684550610944,Politics
304534535134121985,Sports
304546826147749888,Sports
305737587581153280,Politics
303094795281252352,Sports
298136480059101185,Sports
271164843371950080,Sports
296160042330251264,Sports
301508884135292928,Sports
305661682225651715,Politics
306819093200261120,Politics
298057324134793216,Politics
304282186700451840,Sports
301527335012798465,Sports
299090993192525824,Politics
295969244993187842,Sports
305698824444329984,Politics
306432880647745536,Politics
301941206810755072,Politics
295976023319793665,Sports
262991274339086336,Politics
2402801924,Sports
302057396040265728,Sports
297667680209625088,Politics
291194592710242305,Sports
281428441784537088,Sports
294818275358027776,Sports
306484280798879744,Politics
305688304488181760,Politics
302457589898309632,Sports
302443561272627200,Sports
302096338781351937,Politics
301526644831698945,Sports
306448967103832066,Politics
305516634397884416,Politics
306100635919605760,Sports
305568272043089920,Sports
306691508659179520,Sports
306398334501916673,Politics
27776318882,Politics
297315410439729152,Politics
293853406374805505,Politics
304244612183244801,Sports
306347731784458241,Politics
234247451635224576,Politics
297943456406454272,Politics
293440340352974848,Sports
306651614968680448,Politics
298829182396424193,Politics
306357148055654400,Politics
275232857025294337,Politics
306376346953719809,Politics
303544721756786688,Politics
301732675771826176,Sports
302214668611616769,Sports
306362841848479745,Politics
302462309626949632,Sports
297958347230019584,Politics
306470946724802560,Sports
306818358391750656,Sports
306034989038964737,Politics
272557329889783808,Politics
305580137733304320,Sports
304732951508291584,Politics
293563137209282561,Sports
301898328059297792,Sports
234782712408449024,Politics
303118038071402498,Politics
306341486436425728,Sports
13220139800,Politics
304690251635515392,Politics
304615651824242688,Sports
303519824607330304,Sports
305688840377618432,Politics
234411178087038977,Politics
305303893187887105,Politics
2469710692,Sports
273258217797214209,Sports
305913681357725697,Politics
306347783441510400,Politics
306458294057316353,Politics
281810924615118848,Politics
267042898774720512,Politics
304057392243564545,Sports
304593172384845824,Sports
298010097253236736,Sports
305679064700710913,Politics
293854014209130497,Sports
299676871275192320,Sports
303710013803868160,Politics
276787236203270144,Sports
234247896575406080,Sports
301331975225094144,Politics
7750962595,Politics
302735275820449792,Sports
301820619031474176,Sports
304981191482802177,Politics
305862638678712320,Politics
305601094459990016,Politics
306491057724600320,Politics
300924642510639105,Politics
234769451726282752,Politics
305352104254509057,Politics
275423307690553344,Politics
304358822007435265,Sports
306010671311646720,Politics
305781921709965313,Sports
293431545975414784,Sports
256162532249706498,Politics
304692659178573825,Sports
306020037360226304,Politics
306478148277661696,Politics
298227636814090240,Politics
302222998092537857,Sports
306245327604809728,Politics
304261098020933632,Sports
305876696471597058,Politics
304500542825168897,Politics
299527540756840448,Politics
234557814733955072,Politics
306343369905434624,Sports
297357196981846018,Politics
300705897267736577,Sports
299927108770209793,Sports
302519275585953794,Politics
234759645149941760,Politics
305683290612977665,Politics
297966951311998977,Politics
297292079632105472,Sports
302465096058298368,Sports
297357227319255040,Politics
305691854589009920,Politics
304253959223267328,Politics
305501541509496832,Sports
301560527216316416,Sports
264760371179565056,Sports
296905835530047488,Politics
306109319265538048,Politics
306797601808850945,Politics
306101366936457216,Politics
306421371343351809,Sports
304664102775713793,Politics
306269742577102848,Politics
299676731768451072,Sports
282023761044189184,Politics
303879735006601216,Politics
297956846046703616,Politics
304265049537658880,Politics
306430391928115200,Politics
